-- phpMyAdmin SQL Dump
-- version 4.5.2
-- http://www.phpmyadmin.net
--
-- Host: 127.0.0.1
-- Generation Time: May 25, 2017 at 10:15 AM
-- Server version: 5.7.9
-- PHP Version: 5.6.16

SET SQL_MODE = "NO_AUTO_VALUE_ON_ZERO";
SET time_zone = "+00:00";


/*!40101 SET @OLD_CHARACTER_SET_CLIENT=@@CHARACTER_SET_CLIENT */;
/*!40101 SET @OLD_CHARACTER_SET_RESULTS=@@CHARACTER_SET_RESULTS */;
/*!40101 SET @OLD_COLLATION_CONNECTION=@@COLLATION_CONNECTION */;
/*!40101 SET NAMES utf8mb4 */;

--
-- Database: `locations`
--
--
-- Table structure for table `constituencies`
--

DROP TABLE IF EXISTS `constituencies`;
CREATE TABLE IF NOT EXISTS `constituencies` (
  `constId` int(3) NOT NULL,
  `constName` text COLLATE latin1_general_ci NOT NULL,
  `countyId` int(2) NOT NULL,
  PRIMARY KEY (`constId`,`countyId`)
) ENGINE=MyISAM DEFAULT CHARSET=latin1 COLLATE=latin1_general_ci;

--
-- Dumping data for table `constituencies`
--

INSERT INTO `constituencies` (`constId`, `constName`, `countyId`) VALUES
(85, 'Kaiti', 17),
(84, 'Kilome', 17),
(83, 'Mbooni', 17),
(82, 'Mwala', 16),
(81, 'Machakos Town', 16),
(80, 'Mavoko', 16),
(79, 'Kathiani', 16),
(78, 'Matungulu', 16),
(77, 'Kangundo', 16),
(76, 'Yatta', 16),
(75, 'Masinga', 16),
(74, 'Kitui South', 15),
(73, 'Kitui East', 15),
(72, 'Kitui Central', 15),
(71, 'Kitui Rural', 15),
(70, 'Kitui West', 15),
(69, 'Mwingi Central', 15),
(68, 'Mwingi West', 15),
(67, 'Mwingi North', 15),
(66, 'Mbeere North', 14),
(65, 'Mbeere South', 14),
(64, 'Runyenjes', 14),
(63, 'Manyatta', 14),
(62, 'Tharaka', 13),
(61, 'Chuka', 13),
(60, 'Maara', 13),
(59, 'South Imenti', 12),
(58, 'Central Imenti', 12),
(57, 'Buuri', 12),
(56, 'North Imenti', 12),
(55, 'Tigania East', 12),
(54, 'Tigania West', 12),
(53, 'Igembe North', 12),
(52, 'Igembe Central', 12),
(51, 'Igembe South', 12),
(50, 'Isiolo South', 11),
(49, 'Isiolo North', 11),
(48, 'Laisamis', 10),
(47, 'Saku', 10),
(46, 'North Horr', 10),
(45, 'Moyale', 10),
(44, 'Lafey', 9),
(43, 'Mandera East', 9),
(42, 'Mandera South', 9),
(41, 'Mandera North', 9),
(40, 'Banissa', 9),
(39, 'Mandera West', 9),
(38, 'Wajir South', 8),
(37, 'Eldas', 8),
(36, 'Wajir West', 8),
(35, 'Tarbaj', 8),
(34, 'Wajir East', 8),
(33, 'Wajir North', 8),
(32, 'Ijara', 7),
(31, 'Fafi', 7),
(30, 'Dadaab', 7),
(29, 'Lagdera', 7),
(28, 'Balambala', 7),
(27, 'Garissa Township', 7),
(26, 'Voi', 6),
(25, 'Mwatate', 6),
(24, 'Wundanyi', 6),
(23, 'Taveta', 6),
(22, 'Lamu West', 5),
(21, 'Lamu East', 5),
(20, 'Bura', 4),
(19, 'Galole', 4),
(18, 'Garsen', 4),
(17, 'Magarini', 3),
(16, 'Malindi', 3),
(15, 'Ganze', 3),
(14, 'Rabai', 3),
(13, 'Kaloleni', 3),
(12, 'Kilifi South', 3),
(11, 'Kilifi North', 3),
(10, 'Kinago', 2),
(9, 'Matuga', 2),
(8, 'Lunga Lunga', 2),
(7, 'Msambweni', 2),
(6, 'Mvita', 1),
(5, 'Likoni', 1),
(4, 'Nyali', 1),
(3, 'Kisauni', 1),
(2, 'Jomvu', 1),
(1, 'Changamwe', 1),
(86, 'Makueni', 17),
(87, 'Kibwezi West', 17),
(88, 'Kibwezi East', 17),
(89, 'Kinangop', 18),
(90, 'Kipipiri', 18),
(91, 'Ol Kalou', 18),
(92, 'Ol Joro Orok', 18),
(93, 'Ndaragwa', 18),
(94, 'Tetu', 19),
(95, 'Kieni', 19),
(96, 'Mathira', 19),
(97, 'Othaya', 19),
(98, 'Mukurweni', 19),
(99, 'Nyeri Town', 19),
(100, 'Mwea', 20),
(101, 'Gichugu', 20),
(102, 'Ndia', 20),
(103, 'Kirinyaga Central', 20),
(104, 'Kangema', 21),
(105, 'Mathioya', 21),
(106, 'Kiharu', 21),
(107, 'Kigumo', 21),
(108, 'Maragwa', 21),
(109, 'Kandara', 21),
(110, 'Gatanga', 21),
(111, 'Gatundu South', 22),
(112, 'Gatundu North', 22),
(113, 'Juja', 22),
(114, 'Thika Town', 22),
(115, 'Ruiru', 22),
(116, 'Githunguri', 22),
(117, 'Kiambu', 22),
(118, 'Kiambaa', 22),
(119, 'Kabete', 22),
(120, 'Kikuyu', 22),
(121, 'Limuru', 22),
(122, 'Lari', 22),
(123, 'Turkana North', 23),
(124, 'Turkana West', 23),
(125, 'Turkana Central', 23),
(126, 'Loima', 23),
(127, 'Turkana South', 23),
(128, 'Turkana East', 23),
(129, 'Kapenguria', 24),
(130, 'Sigor', 24),
(131, 'Kacheliba', 24),
(132, 'Pokot South', 24),
(133, 'Samburu West', 25),
(134, 'Samburu North', 25),
(135, 'Samburu East', 25),
(136, 'Kwanza', 26),
(137, 'Endebess', 26),
(138, 'Saboti', 26),
(139, 'Kiminini', 26),
(140, 'Cherangany', 26),
(141, 'Soy', 27),
(142, 'Turbo', 27),
(143, 'Moiben', 27),
(144, 'Ainabkoi', 27),
(145, 'Kapseret', 27),
(146, 'Kesses', 27),
(147, 'Marakwet East', 28),
(148, 'Marakwet West', 28),
(149, 'Keiyo North', 28),
(150, 'Keiyo South', 28),
(151, 'Tinderet', 29),
(152, 'Aldai', 29),
(153, 'Nandi Hills', 29),
(154, 'Chesumei', 29),
(155, 'Emgwen', 29),
(156, 'Mosop', 29),
(157, 'Tiaty', 30),
(158, 'Baringo North', 30),
(159, 'Baringo Central', 30),
(160, 'Baringo South', 30),
(161, 'Mogotio', 30),
(162, 'Eldama Ravine', 30),
(163, 'Laikipia West', 31),
(164, 'Laikipia East', 31),
(165, 'Laikipia North', 31),
(166, 'Molo', 32),
(167, 'Njoro', 32),
(168, 'Naivasha', 32),
(169, 'Gilgil', 32),
(170, 'Kuresoi South', 32),
(171, 'Kuresoi North', 32),
(172, 'Subukia', 32),
(173, 'Rongai', 32),
(174, 'Bahati', 32),
(175, 'Nakuru Town West', 32),
(176, 'Nakuru Town East', 32),
(177, 'Kilgoris', 33),
(178, 'Emurua Dikirr', 33),
(179, 'Narok North', 33),
(180, 'Narok East', 33),
(181, 'Narok South', 33),
(182, 'Narok West', 33),
(183, 'Kajiado North', 34),
(184, 'Kajiado Central', 34),
(185, 'Kajiado East', 34),
(186, 'Kajiado West', 34),
(187, 'Kajiado South', 34),
(188, 'Kipkelion East', 35),
(189, 'Kipkelion West', 35),
(190, 'Ainamoi', 35),
(191, 'Bureti', 35),
(192, 'Belgut', 35),
(193, 'Sigowet/Soin', 35),
(194, 'Sotik', 36),
(195, 'Chepalungu', 36),
(196, 'Bomet East', 36),
(197, 'Bomet Central', 36),
(198, 'Konoin', 36),
(199, 'Lugari', 37),
(200, 'Likuyani', 37),
(201, 'Malava', 37),
(202, 'Lurambi', 37),
(203, 'Navakholo', 37),
(204, 'Mumias West', 37),
(205, 'Mumias East', 37),
(206, 'Matungu', 37),
(207, 'Butere', 37),
(208, 'Khwisero', 37),
(209, 'Shinyalu', 37),
(210, 'Ikolomani', 37),
(211, 'Vihiga', 38),
(212, 'Sabatia', 38),
(213, 'Hamisi', 38),
(214, 'Luanda', 38),
(215, 'Emuhaya', 38),
(216, 'Mt. Elgon', 39),
(217, 'Sirisia', 39),
(218, 'Kabuchai', 39),
(219, 'Bumula', 39),
(220, 'Kanduyi', 39),
(221, 'Webuye East', 39),
(222, 'Webuye West', 39),
(223, 'Kimilili', 39),
(224, 'Tongaren', 39),
(225, 'Teso North', 40),
(226, 'Teso South', 40),
(227, 'Nambale', 40),
(228, 'Matayos', 40),
(229, 'Butula', 40),
(230, 'Funyula', 40),
(231, 'Budalangi', 40),
(232, 'Ugenya', 41),
(233, 'Ugunja', 41),
(234, 'Alego Usonga', 41),
(235, 'Gem', 41),
(236, 'Bondo', 41),
(237, 'Rarieda', 41),
(238, 'Kisumu East', 42),
(239, 'Kisumu West', 42),
(240, 'Kisumu Central', 42),
(241, 'Seme', 42),
(242, 'Nyando', 42),
(243, 'Muhoroni', 42),
(244, 'Nyakach', 42),
(245, 'Kasipul', 43),
(246, 'Kabondo Kasipul', 43),
(247, 'Karachuonyo', 43),
(248, 'Rangwe', 43),
(249, 'Homa Bay Town', 43),
(250, 'Ndhiwa', 43),
(251, 'Suba North', 43),
(252, 'Suba South', 43),
(253, 'Rongo', 44),
(254, 'Awendo', 44),
(255, 'Suna East', 44),
(256, 'Suna West', 44),
(257, 'Uriri', 44),
(258, 'Nyatike', 44),
(259, 'Kuria West', 44),
(260, 'Kuria East', 44),
(261, 'Bonchari', 45),
(262, 'South Mugirango', 45),
(263, 'Bomachoge Borabu', 45),
(264, 'Bobasi', 45),
(265, 'Bomachoge Chache', 45),
(266, 'Nyaribari Masaba', 45),
(267, 'Nyaribari Chache', 45),
(268, 'Kitutu Chache North', 45),
(269, 'Kitutu Chache South', 45),
(270, 'Kitutu Masaba', 46),
(271, 'West Mugirango', 46),
(272, 'North Mugirango', 46),
(273, 'Borabu', 46),
(274, 'Westlands', 47),
(275, 'Dagoretti North', 47),
(276, 'Dagoretti South', 47),
(277, 'Langata', 47),
(278, 'Kibra', 47),
(279, 'Roysambu', 47),
(280, 'Kasarani', 47),
(281, 'Ruaraka', 47),
(282, 'Embakasi South', 47),
(283, 'Embakasi North', 47),
(284, 'Embakasi Central', 47),
(285, 'Embakasi East', 47),
(286, 'Embakasi West', 47),
(287, 'Makadara', 47),
(288, 'Kamukunji', 47),
(289, 'Starehe', 47),
(290, 'Mathare', 47);

-- --------------------------------------------------------

--
-- Table structure for table `counties`
--

DROP TABLE IF EXISTS `counties`;
CREATE TABLE IF NOT EXISTS `counties` (
  `countyId` int(2) NOT NULL,
  `countyName` text COLLATE latin1_general_ci NOT NULL,
  PRIMARY KEY (`countyId`)
) ENGINE=MyISAM DEFAULT CHARSET=latin1 COLLATE=latin1_general_ci;

--
-- Dumping data for table `counties`
--

INSERT INTO `counties` (`countyId`, `countyName`) VALUES
(1, 'Mombasa'),
(2, 'Kwale'),
(3, 'Kilifi'),
(4, 'Tana River'),
(5, 'Lamu'),
(6, 'Taita-Taveta'),
(7, 'Garissa'),
(8, 'Wajir'),
(9, 'Mandera'),
(10, 'Marsabit'),
(11, 'Isiolo'),
(12, 'Meru'),
(13, 'Tharaka-Nithi'),
(14, 'Embu'),
(15, 'Kitui'),
(16, 'Machakos'),
(17, 'Makueni'),
(18, 'Nyandarua'),
(19, 'Nyeri'),
(20, 'Kirinyaga'),
(21, 'Muranga'),
(22, 'Kiambu'),
(23, 'Turkana'),
(24, 'West Pokot'),
(25, 'Samburu'),
(26, 'Trans Nzoia'),
(27, 'Uasin Gishu'),
(28, 'Elgeyo Marakwet'),
(29, 'Nandi'),
(30, 'Baringo'),
(31, 'Laikipia'),
(32, 'Nakuru'),
(33, 'Narok'),
(34, 'Kajiado'),
(35, 'Kericho'),
(36, 'Bomet'),
(37, 'Kakamega'),
(38, 'Vihiga'),
(39, 'Bungoma'),
(40, 'Busia'),
(41, 'Siaya'),
(42, 'Kisumu'),
(43, 'Homa Bay'),
(44, 'Migori'),
(45, 'Kisii'),
(46, 'Nyamira'),
(47, 'Nairobi');

-- --------------------------------------------------------

--
-- Table structure for table `wards`
--

DROP TABLE IF EXISTS `wards`;
CREATE TABLE IF NOT EXISTS `wards` (
  `wardId` int(4) NOT NULL,
  `wardName` text COLLATE latin1_general_ci NOT NULL,
  `constId` int(3) NOT NULL,
  PRIMARY KEY (`wardId`,`constId`)
) ENGINE=MyISAM DEFAULT CHARSET=latin1 COLLATE=latin1_general_ci;

--
-- Dumping data for table `wards`
--

INSERT INTO `wards` (`wardId`, `wardName`, `constId`) VALUES
(1, 'Port Reitz', 1),
(2, 'Kipevu', 1),
(3, 'Airport', 1),
(4, 'Changamwe', 1),
(5, 'Chaani', 1),
(6, 'Jomvu Kuu', 2),
(7, 'Miritini', 2),
(8, 'Mikindani', 2),
(9, 'Mjambere', 3),
(10, 'Junda', 3),
(11, 'Bamburi', 3),
(12, 'Mwakirunge', 3),
(13, 'Mtopanga', 3),
(14, 'Magogoni', 3),
(15, 'Shanzu', 3),
(16, 'Frere Town', 4),
(17, 'Ziwa La Ng''ombe', 4),
(18, 'Mkomani', 4),
(19, 'Kongowea', 4),
(20, 'Kadzandani', 4),
(21, 'Mtongwe', 5),
(22, 'Shika Adabu', 5),
(23, 'Bofu', 5),
(24, 'Likoni', 5),
(25, 'Timbwani', 5),
(26, 'Mji Wa Kale/Makadara', 6),
(27, 'Tudor', 6),
(28, 'Tononoka', 6),
(29, 'Shimanzi/Ganjoni', 6),
(30, 'Majengo', 6),
(31, 'Gambato Bongwe', 7),
(32, 'Ukunda', 7),
(33, 'Kinondo', 7),
(34, 'Ramisi', 7),
(35, 'Pongwe/Kikokeni', 8),
(36, 'Dzombo', 8),
(37, 'Mwereni', 8),
(38, 'Vanga', 8),
(39, 'Tsimba Golini', 9),
(40, 'Waa', 9),
(41, 'Tiwi', 9),
(42, 'Kubo South', 9),
(43, 'Mkongani', 9),
(44, 'Ndavaya', 10),
(45, 'Puma', 10),
(46, 'Kinango', 10),
(47, 'Mackinon Road', 10),
(48, 'Chengoni/Samburu', 10),
(49, 'Mwavumbo', 10),
(50, 'Kasemeni', 10),
(51, 'Tezo', 11),
(52, 'Sokoni', 11),
(53, 'Kibarani', 11),
(54, 'Dabaso', 11),
(55, 'Matsangoni', 11),
(56, 'Watamu', 11),
(57, 'Mnarani', 11),
(58, 'Junju', 12),
(59, 'Mwarakaya', 12),
(60, 'Shimo La Tewa', 12),
(61, 'Chasimba', 12),
(62, 'Mtepeni', 12),
(63, 'Mariakani', 13),
(64, 'Kayafungo', 13),
(65, 'Kaloleni', 13),
(66, 'Mwanamwinga', 13),
(67, 'Mwawesa', 14),
(68, 'Ruruma', 14),
(69, 'Kambe/Ribe', 14),
(70, 'Rabai/Kisurutini', 14),
(71, 'Ganze', 15),
(72, 'Bamba', 15),
(73, 'Jaribuni', 15),
(74, 'Sokoke', 15),
(75, 'Jilore', 16),
(76, 'Kakuyuni', 16),
(77, 'Ganda', 16),
(78, 'Malindi Town', 16),
(79, 'Shella', 16),
(80, 'Marafa', 17),
(81, 'Magarini', 17),
(82, 'Gongoni', 17),
(83, 'Adu', 17),
(84, 'Garashi', 17),
(85, 'Sabaki', 17),
(86, 'Kipini East', 18),
(87, 'Garsen South', 18),
(88, 'Kipini West', 18),
(89, 'Garsen Central', 18),
(90, 'Garsen West', 18),
(91, 'Garsen North', 18),
(92, 'Kinakomba', 19),
(93, 'Mikinduni', 19),
(94, 'Chewani', 19),
(95, 'Wayu', 19),
(96, 'Chewele', 20),
(97, 'Hirimani', 20),
(98, 'Bangale', 20),
(99, 'Sala', 20),
(100, 'Madogo', 20),
(101, 'Faza', 21),
(102, 'Kiunga', 21),
(103, 'Basuba', 21),
(104, 'Shella', 22),
(105, 'Mkomani', 22),
(106, 'Hindi', 22),
(107, 'Mkunumbi', 22),
(108, 'Hongwe', 22),
(109, 'Witu', 22),
(110, 'Bahari', 22),
(111, 'Chala', 23),
(112, 'Mahoo', 23),
(113, 'Bomani', 23),
(114, 'Mboghoni', 23),
(115, 'Mata', 23),
(116, 'Wundanyi/Mbale', 24),
(117, 'Werugha', 24),
(118, 'Wumingu/Kishushe', 24),
(119, 'Mwanda/Mgange', 24),
(120, 'Ronge', 25),
(121, 'Mwatate', 25),
(122, 'Bura', 25),
(123, 'Chawia', 25),
(124, 'Wusi/Kishamba', 25),
(125, 'Mbololo', 26),
(126, 'Sagala', 26),
(127, 'Kaloleni', 26),
(128, 'Marungu', 26),
(129, 'Kasigau', 26),
(130, 'Ngolia', 26),
(131, 'Waberi', 27),
(132, 'Galbet', 27),
(133, 'Township', 27),
(134, 'Iftin', 27),
(135, 'Balambala', 28),
(136, 'Danyere', 28),
(137, 'Jarajara', 28),
(138, 'Saka', 28),
(139, 'Sankuri', 28),
(140, 'Modogashe', 29),
(141, 'Benane', 29),
(142, 'Goreale', 29),
(143, 'Maalamin', 29),
(144, 'Sabena', 29),
(145, 'Baraki', 29),
(146, 'Dertu', 30),
(147, 'Dadaab', 30),
(148, 'Labisgale', 30),
(149, 'Damajale', 30),
(150, 'Liboi', 30),
(151, 'Abakaile', 30),
(152, 'Bura', 31),
(153, 'Dekaharia', 31),
(154, 'Jarajila', 31),
(155, 'Fafi', 31),
(156, 'Nanighi', 31),
(157, 'Hulugho', 32),
(158, 'Sangailu', 32),
(159, 'Ijara', 32),
(160, 'Masalani', 32),
(161, 'Gurar', 33),
(162, 'Bute', 33),
(163, 'Korondile', 33),
(164, 'Malkagufu', 33),
(165, 'Batalu', 33),
(166, 'Danaba', 33),
(167, 'Godoma', 33),
(168, 'Wagberi', 34),
(169, 'Township', 34),
(170, 'Barwago', 34),
(171, 'Khorof/Harar', 34),
(172, 'Elben', 35),
(173, 'Sarman', 35),
(174, 'Tarbaj', 35),
(175, 'Wargadud', 35),
(176, 'Arbajahan', 36),
(177, 'Hadado/Athibohol', 36),
(178, 'Ademasajide', 36),
(179, 'Ganyure/Wagalla', 36),
(180, 'Eldas', 37),
(181, 'Della', 37),
(182, 'Lakoley South/Basir', 37),
(183, 'Elnur/Tula Tula', 37),
(184, 'Benane', 38),
(185, 'Burder', 38),
(186, 'Dadaja Bulla', 38),
(187, 'Habasswein', 38),
(188, 'Lagboghoi South', 38),
(189, 'Ibrahim Ure', 38),
(190, 'Diif', 38),
(191, 'Takaba South', 39),
(192, 'Takaba', 39),
(193, 'Lagsure', 39),
(194, 'Dandu', 39),
(195, 'Gither', 39),
(196, 'Banissa', 40),
(197, 'Derkhale', 40),
(198, 'Guba', 40),
(199, 'Malkamari', 40),
(200, 'Kilwehiri', 40),
(201, 'Ashabito', 41),
(202, 'Guticha', 41),
(203, 'Marothile', 41),
(204, 'Rhamu', 41),
(205, 'Rhamu Dimtu', 41),
(206, 'Wargadud', 42),
(207, 'Kutulo', 42),
(208, 'Elwak South', 42),
(209, 'Elwak North', 42),
(210, 'Shimbir Fatuma', 42),
(211, 'Arabia', 43),
(212, 'Bulla Mpya', 43),
(213, 'Khalalio', 43),
(214, 'Neboi', 43),
(215, 'Township', 43),
(216, 'Libehia', 44),
(217, 'Fino', 44),
(218, 'Lafey', 44),
(219, 'Waranqara', 44),
(220, 'Alungo Gof', 44),
(221, 'Butiye', 45),
(222, 'Sololo', 45),
(223, 'Heillu/Manyatta', 45),
(224, 'Golbo', 45),
(225, 'Moyale Township', 45),
(226, 'Uran', 45),
(227, 'Obbu', 45),
(228, 'Dukana', 46),
(229, 'Maikona', 46),
(230, 'Turbi', 46),
(231, 'North Horr', 46),
(232, 'Illeret', 46),
(233, 'Sagante/Jaldesa', 47),
(234, 'Karare', 47),
(235, 'Marsabit Central', 47),
(236, 'Loiyagalani', 48),
(237, 'Kargi/South Horr', 48),
(238, 'Korr/Ngurunit', 48),
(239, 'Loglogo', 48),
(240, 'Laisamis', 48),
(241, 'Wabera', 49),
(242, 'Bulla Pesa', 49),
(243, 'Chari', 49),
(244, 'Cherab', 49),
(245, 'Ngare Mara', 49),
(246, 'Burat', 49),
(247, 'Oldo/Nyiro', 49),
(248, 'Garba Tulla', 50),
(249, 'Kinna', 50),
(250, 'Sericho', 50),
(251, 'Maua', 51),
(252, 'Kiegoi/Antubochiu', 51),
(253, 'Athiru Gaiti', 51),
(254, 'Akachiu', 51),
(255, 'Kanuni', 51),
(256, 'Akirang''ondu', 52),
(257, 'Athiru Ruujine', 52),
(258, 'Igembe East', 52),
(259, 'Njia', 52),
(260, 'Kangeta', 52),
(261, 'Antuambui', 53),
(262, 'Ntunene', 53),
(263, 'Antubetwe Kiongo', 53),
(264, 'Naathu', 53),
(265, 'Amwathi', 53),
(266, 'Athwana', 54),
(267, 'Akithii', 54),
(268, 'Kianjai', 54),
(269, 'Nkomo', 54),
(270, 'Mbeu', 54),
(271, 'Thangatha', 55),
(272, 'Mikinduri', 55),
(273, 'Kinguchwa', 55),
(274, 'Muthara', 55),
(275, 'Karama', 55),
(276, 'Municipality', 56),
(277, 'Ntima East', 56),
(278, 'Ntima West', 56),
(279, 'Nyaki West', 56),
(280, 'Nyaki East', 56),
(281, 'Timau', 57),
(282, 'Kisima', 57),
(283, 'Kiirau/Naari', 57),
(284, 'Ruiru/Rwawera', 57),
(285, 'Kibirichia', 57),
(286, 'Mwangathia', 58),
(287, 'Abothuguchi Central', 58),
(288, 'Abothuguchi West', 58),
(289, 'Kiagu', 58),
(290, 'Mitunguu', 59),
(291, 'Igoji East', 59),
(292, 'Igoji West', 59),
(293, 'Abogeta East', 59),
(294, 'Abogeta West', 59),
(295, 'Nkuene', 59),
(296, 'Mitheru', 60),
(297, 'Muthambi', 60),
(298, 'Mwimbi', 60),
(299, 'Ganga', 60),
(300, 'Chogoria', 60),
(301, 'Mariani', 61),
(302, 'Karingani', 61),
(303, 'Magumoni', 61),
(304, 'Mugwe', 61),
(305, 'Igambang''ombe', 61),
(306, 'Gatunga', 62),
(307, 'Mukothima', 62),
(308, 'Nkondi', 62),
(309, 'Chiakagira', 62),
(310, 'Marimanti', 62),
(311, 'Ruguru-Ngandori', 63),
(312, 'Kithimu', 63),
(313, 'Nginda', 63),
(314, 'Mbeti North', 63),
(315, 'Kirimari', 63),
(316, 'Gaturi South', 63),
(317, 'Gaturi North', 64),
(318, 'Kaagari South', 64),
(319, 'Central', 64),
(320, 'Kaagari North', 64),
(321, 'Kyeni North', 64),
(322, 'Kyeni South', 64),
(323, 'Mwea', 65),
(324, 'Makima', 65),
(325, 'Mbeti South', 65),
(326, 'Mavuria', 65),
(327, 'Kiambere', 65),
(328, 'Nthawa', 66),
(329, 'Muminji', 66),
(330, 'Evurore', 66),
(331, 'Ngomeni', 67),
(332, 'Kyuso', 67),
(333, 'Mumoni', 67),
(334, 'Tseikuru', 67),
(335, 'Tharaka', 67),
(336, 'Kyome/Thaana', 68),
(337, 'Nguutani', 68),
(338, 'Migwani', 68),
(339, 'Kiomo/Kyethani', 68),
(340, 'Central', 69),
(341, 'Kivou', 69),
(342, 'Nguni', 69),
(343, 'Nuu', 69),
(344, 'Mui', 69),
(345, 'Waita', 69),
(346, 'Mutongoni', 70),
(347, 'Kauwi', 70),
(348, 'Matinyani', 70),
(349, 'Kwamutonga/Kithumula', 70),
(350, 'Kisasi', 71),
(351, 'Mbitini', 71),
(352, 'Kwavonza/Yatta', 71),
(353, 'Kanyangi', 71),
(354, 'Miambani', 72),
(355, 'Township', 72),
(356, 'Kyangwithya West', 72),
(357, 'Mulango', 72),
(358, 'Kyangwithya East', 72),
(359, 'Zombe/Mwitika', 73),
(360, 'Nzambani', 73),
(361, 'Chuluni', 73),
(362, 'Voo/Kyamatu', 73),
(363, 'Endau/Malalani', 73),
(364, 'Mutitu/Kaliku', 73),
(365, 'Ikanga/Kyatune', 74),
(366, 'Mutomo', 74),
(367, 'Mutha', 74),
(368, 'Ikutha', 74),
(369, 'Kanziko', 74),
(370, 'Athi', 74),
(371, 'Kivaa', 75),
(372, 'Masinga Central', 75),
(373, 'Ekalakala', 75),
(374, 'Muthesya', 75),
(375, 'Ndithini', 75),
(376, 'Ndalani', 76),
(377, 'Matuu', 76),
(378, 'Kithimani', 76),
(379, 'Ikombe', 76),
(380, 'Katangi', 76),
(381, 'Kangundo North', 77),
(382, 'Kangundo Central', 77),
(383, 'Kangundo East', 77),
(384, 'Kangundo West', 77),
(385, 'Tala', 78),
(386, 'Matungulu North', 78),
(387, 'Matungulu East', 78),
(388, 'Matungulu West', 78),
(389, 'Kyeleni', 78),
(390, 'Mitamboni', 79),
(391, 'Kathiani Central', 79),
(392, 'Upper Kaewa/Iveti', 79),
(393, 'Lower Kaewa/Kaani', 79),
(394, 'Athi River', 80),
(395, 'Kinanie', 80),
(396, 'Muthwani', 80),
(397, 'Syokimau/Mulolongo', 80),
(398, 'Kalama', 81),
(399, 'Mua', 81),
(400, 'Mutituni', 81),
(401, 'Machakos Central', 81),
(402, 'Mumbuni North', 81),
(403, 'Muvuti/Kiima-Kimwe', 81),
(404, 'Kola', 81),
(405, 'Mbiuni', 82),
(406, 'Makutano/Mwala', 82),
(407, 'Masii', 82),
(408, 'Muthetheni', 82),
(409, 'Wamunyu', 82),
(410, 'Kibauni', 82),
(411, 'Tulimani', 83),
(412, 'Mbooni', 83),
(413, 'Kithungo/Kitundu', 83),
(414, 'Kiteta-Kisau', 83),
(415, 'Waia-Kako', 83),
(416, 'Kalawa', 83),
(417, 'Kasikeu', 84),
(418, 'Mukaa', 84),
(419, 'Kima Kiu/Kalanzoni', 84),
(420, 'Ukia', 85),
(421, 'Kee', 85),
(422, 'Kilungu', 85),
(423, 'Ilima', 85),
(424, 'Wote', 86),
(425, 'Muvau/Kikumini', 86),
(426, 'Mavindini', 86),
(427, 'Kitise/Kithuki', 86),
(428, 'Kathonzweni', 86),
(429, 'Nzaui/Kilili/Kalamba', 86),
(430, 'Mbitini', 86),
(431, 'Makindu', 87),
(432, 'Nguumo', 87),
(433, 'Kikumbulyu North', 87),
(434, 'Kikumbulyu South', 87),
(435, 'Nguu/Masumba', 87),
(436, 'Emali/Mulala', 87),
(437, 'Masongaleni', 88),
(438, 'Mtito Andei', 88),
(439, 'Thange', 88),
(440, 'Ivingoni/Nzambani', 88),
(441, 'Engineer', 89),
(442, 'Gathara', 89),
(443, 'North Kinangop', 89),
(444, 'Murungaru', 89),
(445, 'Njabani/Kiburu', 89),
(446, 'Nyakio', 89),
(447, 'Githabai', 89),
(448, 'Magumu', 89),
(449, 'Wanjohi', 90),
(450, 'Kipipiri', 90),
(451, 'Geta', 90),
(452, 'Githioro', 90),
(453, 'Karau', 91),
(454, 'Kanjuiri Range', 91),
(455, 'Mirangine', 91),
(456, 'Kaimbaga', 91),
(457, 'Rurii', 91),
(458, 'Gathanji', 92),
(459, 'Gatimu', 92),
(460, 'Weru', 92),
(461, 'Charagita', 92),
(462, 'Leshau/Pondo', 93),
(463, 'Kiritta', 93),
(464, 'Central', 93),
(465, 'Shamata', 93),
(466, 'Dedan Kimathi', 94),
(467, 'Wamagana', 94),
(468, 'Aguthi-Gaaki', 94),
(469, 'Mweiga', 95),
(470, 'Naromoru/Kiamathaga', 95),
(471, 'Mwiyogo/Endarasha', 95),
(472, 'Mugunda', 95),
(473, 'Gatarakwa', 95),
(474, 'Thegu River', 95),
(475, 'Kabaru', 95),
(476, 'Gakawa', 95),
(477, 'Ruguru', 96),
(478, 'Magutu', 96),
(479, 'Iriaini', 96),
(480, 'Konyu', 96),
(481, 'Kirimukuyu', 96),
(482, 'Karatina Town', 96),
(483, 'Mahiga', 97),
(484, 'Iria-Ini', 97),
(485, 'Chinga', 97),
(486, 'Karima', 97),
(487, 'Gikondi', 98),
(488, 'Rugi', 98),
(489, 'Mukurwe-Ini West', 98),
(490, 'Mukurwe-Ini East', 98),
(491, 'Kiganjo/Mathari', 99),
(492, 'Rware', 99),
(493, 'Gatitu/Muruguru', 99),
(494, 'Ruring''u', 99),
(495, 'Kamakwa/Mukaro', 99),
(496, 'Mutithi', 100),
(497, 'Kangai', 100),
(498, 'Thiba', 100),
(499, 'Wamumu', 100),
(500, 'Nyanguti', 100),
(501, 'Murinduko', 100),
(502, 'Gathigiriri', 100),
(503, 'Tebere', 100),
(504, 'Kabare', 101),
(505, 'Baragwi', 101),
(506, 'Njukiine', 101),
(507, 'Ngariama', 101),
(508, 'Karumandi', 101),
(509, 'Mukure', 102),
(510, 'Kiine', 102),
(511, 'Kariti', 102),
(512, 'Mutira', 103),
(513, 'Kanyekini', 103),
(514, 'Kerugoya', 103),
(515, 'Inoi', 103),
(516, 'Kanyenya-Ini', 104),
(517, 'Muguru', 104),
(518, 'Rwathia', 104),
(519, 'Gitugi', 105),
(520, 'Kiru', 105),
(521, 'Kamacharia', 105),
(522, 'Wangu', 106),
(523, 'Mugoiri', 106),
(524, 'Mbiri', 106),
(525, 'Township', 106),
(526, 'Murarandia', 106),
(527, 'Gaturi', 106),
(528, 'Kahumbu', 107),
(529, 'Muthithi', 107),
(530, 'Kigumo', 107),
(531, 'Kangari', 107),
(532, 'Kinyona', 107),
(533, 'Kimorori/Wempa', 108),
(534, 'Makuyu', 108),
(535, 'Kambiti', 108),
(536, 'Kamahuhu', 108),
(537, 'Ichagaki', 108),
(538, 'Nginda', 108),
(539, 'Ng''araria', 109),
(540, 'Muruka', 109),
(541, 'Kagundu-Ini', 109),
(542, 'Gaichanjiru', 109),
(543, 'Ithiru', 109),
(544, 'Ruchu', 109),
(545, 'Ithanga', 110),
(546, 'Kakuzi/Mitubiri', 110),
(547, 'Mugumo-Ini', 110),
(548, 'Kihumbu-Ini', 110),
(549, 'Gatanga', 110),
(550, 'Kariara', 110),
(551, 'Kiamwangi', 111),
(552, 'Kiganjo', 111),
(553, 'Ndarugo', 111),
(554, 'Ngenda', 111),
(555, 'Gituamba', 112),
(556, 'Githobokoni', 112),
(557, 'Chania', 112),
(558, 'Mang''u', 112),
(559, 'Murera', 113),
(560, 'Theta', 113),
(561, 'Juja', 113),
(562, 'Witeithie', 113),
(563, 'Kalimoni', 113),
(564, 'Township', 114),
(565, 'Kamenu', 114),
(566, 'Hospital', 114),
(567, 'Gatuanyaga', 114),
(568, 'Ngoliba', 114),
(569, 'Gitothua', 115),
(570, 'Biashara', 115),
(571, 'Gatongora', 115),
(572, 'Kahawa/Sukari', 115),
(573, 'Kahawa Wendani', 115),
(574, 'Kiuu', 115),
(575, 'Mwiki', 115),
(576, 'Mwihoko', 115),
(577, 'Githunguri', 116),
(578, 'Githiga', 116),
(579, 'Ikinu', 116),
(580, 'Ngewa', 116),
(581, 'Komothai', 116),
(582, 'Ting''ang''a', 117),
(583, 'Ndumberi', 117),
(584, 'Riabai', 117),
(585, 'Township', 117),
(586, 'Cianda', 118),
(587, 'Karuri', 118),
(588, 'Ndenderu', 118),
(589, 'Muchatha', 118),
(590, 'Kihara', 118),
(591, 'Gitaru', 119),
(592, 'Muguga', 119),
(593, 'Nyadhuna', 119),
(594, 'Kabete', 119),
(595, 'Uthiru', 119),
(596, 'Karai', 120),
(597, 'Nachu', 120),
(598, 'Sigona', 120),
(599, 'Kikuyu', 120),
(600, 'Kinoo', 120),
(601, 'Bibirioni', 121),
(602, 'Limuru Central', 121),
(603, 'Ndeiya', 121),
(604, 'Limuru East', 121),
(605, 'Ngecha Tigoni', 121),
(606, 'Kinale', 122),
(607, 'Kijabe', 122),
(608, 'Nyanduma', 122),
(609, 'Kamburu', 122),
(610, 'Lari/Kirenga', 122),
(611, 'Kaeris', 123),
(612, 'Lakezone', 123),
(613, 'Lapur', 123),
(614, 'Kaaleng/Kaikor', 123),
(615, 'Kibish', 123),
(616, 'Nakalale', 123),
(617, 'Kakuma', 124),
(618, 'Lopur', 124),
(619, 'Letea', 124),
(620, 'Songot', 124),
(621, 'Kalobeyei', 124),
(622, 'Lokichoggio', 124),
(623, 'Nanaam', 124),
(624, 'Kerio Delta', 125),
(625, 'Kang''atotha', 125),
(626, 'Kalokol', 125),
(627, 'Lodwar Township', 125),
(628, 'Kanamkemer', 125),
(629, 'Kotaruk/Lobei', 126),
(630, 'Turkwel', 126),
(631, 'Loima', 126),
(632, 'Lokiriama/Lorengippi', 126),
(633, 'Kaputir', 127),
(634, 'Katilu', 127),
(635, 'Lobokat', 127),
(636, 'Kalapata', 127),
(637, 'Lokichar', 127),
(638, 'Kapedo/Napeitom', 128),
(639, 'Katilia', 128),
(640, 'Lokori/Kochodin', 128),
(641, 'Riwo', 129),
(642, 'Kapenguria', 129),
(643, 'Mnagei', 129),
(644, 'Siyoi', 129),
(645, 'Endugh', 129),
(646, 'Sook', 129),
(647, 'Sekerr', 130),
(648, 'Masool', 130),
(649, 'Lomut', 130),
(650, 'Wei Wei', 130),
(651, 'Suam', 131),
(652, 'Kodich', 131),
(653, 'Kasei', 131),
(654, 'Kapchok', 131),
(655, 'Kiwawa', 131),
(656, 'Alale', 131),
(657, 'Chepareria', 132),
(658, 'Batei', 132),
(659, 'Lelan', 132),
(660, 'Tapach', 132),
(661, 'Lodokejek', 133),
(662, 'Saguta Marmar', 133),
(663, 'Maralal', 133),
(664, 'Loosuk', 133),
(665, 'Porro', 133),
(666, 'El-Barta', 134),
(667, 'Nachola', 134),
(668, 'Ndoto', 134),
(669, 'Nyiro', 134),
(670, 'Angata Nayokie', 134),
(671, 'Baawa', 134),
(672, 'Waso', 135),
(673, 'Wamba West', 135),
(674, 'Wamba East', 135),
(675, 'Wamba North', 135),
(676, 'Kapomboi', 136),
(677, 'Kwanza', 136),
(678, 'Keiyo', 136),
(679, 'Bidii', 136),
(680, 'Chepchoina', 137),
(681, 'Endebess', 137),
(682, 'Matumbei', 137),
(683, 'Kinyoro', 138),
(684, 'Matisi', 138),
(685, 'Tuwani', 138),
(686, 'Saboti', 138),
(687, 'Machewa', 138),
(688, 'Kiminini', 139),
(689, 'Waitaluk', 139),
(690, 'Sirende', 139),
(691, 'Hospital', 139),
(692, 'Sikhendu', 139),
(693, 'Nabiswa', 139),
(694, 'Sinyerere', 140),
(695, 'Makutano', 140),
(696, 'Kaplamai', 140),
(697, 'Motosiet', 140),
(698, 'Cherangany/Suwerwa', 140),
(699, 'Chepsiro/Kiptoror', 140),
(700, 'Sitatunga', 140),
(701, 'Moi''s Bridge', 141),
(702, 'Kapkures', 141),
(703, 'Ziwa', 141),
(704, 'Segeroi/Barsombe', 141),
(705, 'Kipsomba', 141),
(706, 'Soy', 141),
(707, 'Kuinet/Kapsuswa', 141),
(708, 'Ngenyilel', 142),
(709, 'Tapsagoi', 142),
(710, 'Kamagut', 142),
(711, 'Kiplombe', 142),
(712, 'Kapsaos', 142),
(713, 'Huruma', 142),
(714, 'Tembelio', 143),
(715, 'Sergoit', 143),
(716, 'Karuna/Meibeki', 143),
(717, 'Moiben', 143),
(718, 'Kimumu', 143),
(719, 'Kapsoya', 144),
(720, 'Kaptagat', 144),
(721, 'Ainabkoi/Olare', 144),
(722, 'Simat/Kapseret', 145),
(723, 'Kipkenyo', 145),
(724, 'Ngeria', 145),
(725, 'Megun', 145),
(726, 'Langas', 145),
(727, 'Racecourse', 146),
(728, 'Cheptiret/Kipchamo', 146),
(729, 'Tulwet/Chiyat', 146),
(730, 'Tarakwa', 146),
(731, 'Kapyego', 147),
(732, 'Sambirir', 147),
(733, 'Endo', 147),
(734, 'Embobut/Embulot', 147),
(735, 'Lelan', 148),
(736, 'Sengwer', 148),
(737, 'Cherang''any/Chebororwa', 148),
(738, 'Moiben/Kuserwo', 148),
(739, 'Kapsowar', 148),
(740, 'Arror', 148),
(741, 'Kamariny', 149),
(742, 'Emsoo', 149),
(743, 'Tambach', 149),
(744, 'Kapchemutwa', 149),
(745, 'Kaptarakwa', 150),
(746, 'Chepkorio', 150),
(747, 'Soy North', 150),
(748, 'Soy South', 150),
(749, 'Kabiemit', 150),
(750, 'Metkei', 150),
(751, 'Songhor/Soba', 151),
(752, 'Tinderet', 151),
(753, 'Chemelil/Chemase', 151),
(754, 'Kapsimwotwo', 151),
(755, 'Kabwareng', 152),
(756, 'Terik', 152),
(757, 'Kemeloi-Maraba', 152),
(758, 'Kobujoi', 152),
(759, 'Kaptumo/Kaboi', 152),
(760, 'Koyo/Ndurio', 152),
(761, 'Nandi Hills', 153),
(762, 'Chepkunyuk', 153),
(763, 'Ol''lessos', 153),
(764, 'Kapchorua', 153),
(765, 'Chemundu/Kapng''etunyi', 154),
(766, 'Kosirai', 154),
(767, 'Lelmoko/Ngechek', 154),
(768, 'Kaptel/Kamoiywo', 154),
(769, 'Kiptuiya', 154),
(770, 'Chepkumia', 155),
(771, 'Kapkangani', 155),
(772, 'Kapsabet', 155),
(773, 'Kilibwoni', 155),
(774, 'Chepterwai', 156),
(775, 'Kipkaren', 156),
(776, 'Kurgung/Surungai', 156),
(777, 'Kabiyet', 156),
(778, 'Ndalat', 156),
(779, 'Kabisaga', 156),
(780, 'Sangalo/Kebulonik', 156),
(781, 'Tirioko', 157),
(782, 'Kolowa', 157),
(783, 'Ribkwo', 157),
(784, 'Silale', 157),
(785, 'Loiyamorok', 157),
(786, 'Tangulbei/Korossi', 157),
(787, 'Churo/Amaya', 157),
(788, 'Barwessa', 158),
(789, 'Kabartonjo', 158),
(790, 'Saimoi/Kipsaraman', 158),
(791, 'Saimo/Soi', 158),
(792, 'Bartabwa', 158),
(793, 'Kabarnet', 159),
(794, 'Sacho', 159),
(795, 'Tenges', 159),
(796, 'Ewalel/Chapchap', 159),
(797, 'Kapropita', 159),
(798, 'Marigat', 160),
(799, 'Iichamus', 160),
(800, 'Mochongoi', 160),
(801, 'Mukutani', 160),
(802, 'Mogotio', 161),
(803, 'Emining', 161),
(804, 'Kisanana', 161),
(805, 'Lembus', 162),
(806, 'Lembus Kwen', 162),
(807, 'Ravine', 162),
(808, 'Mumberes/Maji Mazuri', 162),
(809, 'Lembus/Perkerra', 162),
(810, 'Koibatek', 162),
(811, 'Ol-Moran', 163),
(812, 'Rumuruti Township', 163),
(813, 'Githiga', 163),
(814, 'Marmanet', 163),
(815, 'Igwamiti', 163),
(816, 'Salama', 163),
(817, 'Ngobit', 164),
(818, 'Tigithi', 164),
(819, 'Thingithu', 164),
(820, 'Nanyuki', 164),
(821, 'Umande', 164),
(822, 'Sosian', 165),
(823, 'Segera', 165),
(824, 'Mugogodo West', 165),
(825, 'Mugogodo East', 165),
(826, 'Mariashoni', 166),
(827, 'Elburgon', 166),
(828, 'Turi', 166),
(829, 'Molo', 166),
(830, 'Mau Narok', 167),
(831, 'Mauche', 167),
(832, 'Kihingo', 167),
(833, 'Nesuit', 167),
(834, 'Lare', 167),
(835, 'Njoro', 167),
(836, 'Biashara', 168),
(837, 'Hellsgate', 168),
(838, 'Lake View', 168),
(839, 'Mai Mahiu', 168),
(840, 'Maeilla', 168),
(841, 'Olkaria', 168),
(842, 'Naivasha East', 168),
(843, 'Viwanda', 168),
(844, 'Gilgil', 169),
(845, 'Elementaita', 169),
(846, 'Mbaruk/Eburu', 169),
(847, 'Malewa West', 169),
(848, 'Murindat', 169),
(849, 'Amalo', 170),
(850, 'Keringet', 170),
(851, 'Kiptagich', 170),
(852, 'Tinet', 170),
(853, 'Kiptororo', 171),
(854, 'Nyota', 171),
(855, 'Sirikwa', 171),
(856, 'Kamara', 171),
(857, 'Subukia', 172),
(858, 'Waseges', 172),
(859, 'Kabazi', 172),
(860, 'Menengai West', 173),
(861, 'Soin', 173),
(862, 'Visoi', 173),
(863, 'Mosop', 173),
(864, 'Solai', 173),
(865, 'Dundori', 174),
(866, 'Kabatini', 174),
(867, 'Kiamaina', 174),
(868, 'Lanet/Umoja', 174),
(869, 'Bahati', 174),
(870, 'Barut', 175),
(871, 'London', 175),
(872, 'Kaptembwo', 175),
(873, 'Kapkures', 175),
(874, 'Rhoda', 175),
(875, 'Shaabab', 175),
(876, 'Biashara', 176),
(877, 'Kivumbuni', 176),
(878, 'Flamingo', 176),
(879, 'Menengai', 176),
(880, 'Nakuru East', 176),
(881, 'Kilgoris Central', 177),
(882, 'Keyian', 177),
(883, 'Angata Barikoi', 177),
(884, 'Shankoe', 177),
(885, 'Kimintet', 177),
(886, 'Lolgorian', 177),
(887, 'Iikerin', 178),
(888, 'Ololmasani', 178),
(889, 'Mogondo', 178),
(890, 'Kapsasian', 178),
(891, 'Olposimoru', 179),
(892, 'Olokurto', 179),
(893, 'Narok Town', 179),
(894, 'Nkareta', 179),
(895, 'Olorropil', 179),
(896, 'Melili', 179),
(897, 'Mosiro', 180),
(898, 'Ildamat', 180),
(899, 'Keekonyokie', 180),
(900, 'Suswa', 180),
(901, 'Maji Moto/Naroosura', 181),
(902, 'Ololulung''a', 181),
(903, 'Melelo', 181),
(904, 'Loita', 181),
(905, 'Sogoo', 181),
(906, 'Sagamian', 181),
(907, 'Ilmotiook', 182),
(908, 'Mara', 182),
(909, 'Siana', 182),
(910, 'Naikarra', 182),
(911, 'Olkeri', 183),
(912, 'Ongata Rongai', 183),
(913, 'Nkaimurunya', 183),
(914, 'Oloolua', 183),
(915, 'Ngong', 183),
(916, 'Purko', 184),
(917, 'Ildamat', 184),
(918, 'Dalalekutuk', 184),
(919, 'Matapato North', 184),
(920, 'Matapato South', 184),
(921, 'Kaputiei North', 185),
(922, 'Kitengela', 185),
(923, 'Oloosirkon/Sholinke', 185),
(924, 'Kenyawa-Poka', 185),
(925, 'Imaroro', 185),
(926, 'Keekonyokie', 186),
(927, 'Iloodokilani', 186),
(928, 'Magadi', 186),
(929, 'Ewuaso Oo Nkidong''i', 186),
(930, 'Mosiro', 186),
(931, 'Entonet/Lenkism', 187),
(932, 'Imbrikani/Eselelnkei', 187),
(933, 'Kuku', 187),
(934, 'Rombo', 187),
(935, 'Kimana', 187),
(936, 'Londiani', 188),
(937, 'Kedowa/Kimugul', 188),
(938, 'Chepseon', 188),
(939, 'Tendeno/Sorget', 188),
(940, 'Kunyak', 189),
(941, 'Kamasian', 189),
(942, 'Kipkelion', 189),
(943, 'Chilchila', 189),
(944, 'Kapsoit', 190),
(945, 'Ainamoi', 190),
(946, 'Kapkugerwet', 190),
(947, 'Kipchebor', 190),
(948, 'Kipchimchim', 190),
(949, 'Kapsaos', 190),
(950, 'Kisiara', 191),
(951, 'Tebesonik', 191),
(952, 'Cheboin', 191),
(953, 'Chemosot', 191),
(954, 'Litein', 191),
(955, 'Cheplanget', 191),
(956, 'Kapkatet', 191),
(957, 'Waldai', 192),
(958, 'Kabianga', 192),
(959, 'Cheptororiet/Seretut', 192),
(960, 'Chaik', 192),
(961, 'Kapsuser', 192),
(962, 'Sigowet', 193),
(963, 'Kaplelartet', 193),
(964, 'Soliat', 193),
(965, 'Soin', 193),
(966, 'Ndanai/Abosi', 194),
(967, 'Chemagel', 194),
(968, 'Kipsonoi', 194),
(969, 'Kapletundo', 194),
(970, 'Rongena/Manaret', 194),
(971, 'Kong''asis', 195),
(972, 'Nyangores', 195),
(973, 'Sigor', 195),
(974, 'Chebunyo', 195),
(975, 'Siongiroi', 195),
(976, 'Merigi', 196),
(977, 'Kembu', 196),
(978, 'Longisa', 196),
(979, 'Kipreres', 196),
(980, 'Chemaner', 196),
(981, 'Silibwet Township', 197),
(982, 'Ndaraweta', 197),
(983, 'Singorwet', 197),
(984, 'Chesoen', 197),
(985, 'Mutarakwa', 197),
(986, 'Chepchabas', 198),
(987, 'Kimulot', 198),
(988, 'Mogogosiek', 198),
(989, 'Boito', 198),
(990, 'Embomos', 198),
(991, 'Mautuma', 199),
(992, 'Lugari', 199),
(993, 'Lumakanda', 199),
(994, 'Chekalini', 199),
(995, 'Chevaywa', 199),
(996, 'Lwandeti', 199),
(997, 'Likuyani', 200),
(998, 'Sango', 200),
(999, 'Kongoni', 200),
(1000, 'Nzoia', 200),
(1001, 'Sinoko', 200),
(1002, 'West Kabras', 201),
(1003, 'Chemuche', 201),
(1004, 'East Kabras', 201),
(1005, 'Butali/Chegulo', 201),
(1006, 'Manda-Shivanga', 201),
(1007, 'Shirungu-Mugai', 201),
(1008, 'South Kabras', 201),
(1009, 'Butsotso East', 202),
(1010, 'Butsotso South', 202),
(1011, 'Butsotso Central', 202),
(1012, 'Sheywe', 202),
(1013, 'Mahiakalo', 202),
(1014, 'Shirere', 202),
(1015, 'Ingoste-Matiha', 203),
(1016, 'Shinoyi-Shikomari-Esumeiya', 203),
(1017, 'Bunyala West', 203),
(1018, 'Bunyala East', 203),
(1019, 'Bunyala Central', 203),
(1020, 'Mumias Central', 204),
(1021, 'Mumias North', 204),
(1022, 'Etenje', 204),
(1023, 'Musanda', 204),
(1024, 'Lusheya/Lubinu', 205),
(1025, 'Malaha/Isongo/Makunga', 205),
(1026, 'East Wanga', 205),
(1027, 'Koyonzo', 206),
(1028, 'Kholera', 206),
(1029, 'Khalaba', 206),
(1030, 'Mayoni', 206),
(1031, 'Namamali', 206),
(1032, 'Marama West', 207),
(1033, 'Marama Central', 207),
(1034, 'Marenyo-Shianda', 207),
(1035, 'Marama North', 207),
(1036, 'Marama South', 207),
(1037, 'Kisa North', 208),
(1038, 'Kisa East', 208),
(1039, 'Kisa West', 208),
(1040, 'Kisa Central', 208),
(1041, 'Isukha North', 209),
(1042, 'Murhanda', 209),
(1043, 'Isukha Central', 209),
(1044, 'Isukha South', 209),
(1045, 'Isukha East', 209),
(1046, 'Isukha West', 209),
(1047, 'Idakho South', 210),
(1048, 'Idakho East', 210),
(1049, 'Idakho North', 210),
(1050, 'Idakho Central', 210),
(1051, 'Lugaga-Wamuluma', 211),
(1052, 'South Maragoli', 211),
(1053, 'Central Maragoli', 211),
(1054, 'Mungoma', 211),
(1055, 'Lyaduywa/Izava', 212),
(1056, 'West Sabatia', 212),
(1057, 'Chavakali', 212),
(1058, 'North Maragoli', 212),
(1059, 'Wodanga', 212),
(1060, 'Busali', 212),
(1061, 'Shiru', 213),
(1062, 'Gisambai', 213),
(1063, 'Shamakhokho', 213),
(1064, 'Banja', 213),
(1065, 'Muhudu', 213),
(1066, 'Tambua', 213),
(1067, 'Jepkoyai', 213),
(1068, 'Luanda Township', 214),
(1069, 'Wemilabi', 214),
(1070, 'Mwibona', 214),
(1071, 'Luanda South', 214),
(1072, 'Emabungo', 214),
(1073, 'North East Bunyore', 215),
(1074, 'Central Bunyore', 215),
(1075, 'West Bunyore', 215),
(1076, 'Cheptais', 216),
(1077, 'Chesikaki', 216),
(1078, 'Chepyuk', 216),
(1079, 'Kapkateny', 216),
(1080, 'Kaptama', 216),
(1081, 'Elgon', 216),
(1082, 'Namwela', 217),
(1083, 'Malakisi/South Kulisiru', 217),
(1084, 'Lwandanyi', 217),
(1085, 'Kabuchai/Chwele', 218),
(1086, 'West Nalondo', 218),
(1087, 'Bwake/Luuya', 218),
(1088, 'Mukuyuni', 218),
(1089, 'South Bukusu', 219),
(1090, 'Bumula', 219),
(1091, 'Khasoko', 219),
(1092, 'Kabula', 219),
(1093, 'Kimaeti', 219),
(1094, 'West Bukusu', 219),
(1095, 'Siboti', 219),
(1096, 'Bukembe West', 220),
(1097, 'Bukembe East', 220),
(1098, 'Township', 220),
(1099, 'Khalaba', 220),
(1100, 'Musikoma', 220),
(1101, 'East Sang''alo', 220),
(1102, 'Marakaru/Tuuti', 220),
(1103, 'West Sang''alo', 220),
(1104, 'Mihuu', 221),
(1105, 'Ndivisi', 221),
(1106, 'Maraka', 221),
(1107, 'Misikhu', 222),
(1108, 'Sitikho', 222),
(1109, 'Matulo', 222),
(1110, 'Bokoli', 222),
(1111, 'Kibingei', 223),
(1112, 'Kimilili', 223),
(1113, 'Maeni', 223),
(1114, 'Kamukuywa', 223),
(1115, 'Mbakalo', 224),
(1116, 'Naitiri/Kabuyefwe', 224),
(1117, 'Milima', 224),
(1118, 'Ndalu', 224),
(1119, 'Tongaren', 224),
(1120, 'Soysambu/Mitua', 224),
(1121, 'Malaba Central', 225),
(1122, 'Malaba North', 225),
(1123, 'Ang''urai South', 225),
(1124, 'Ang''urai North', 225),
(1125, 'Ang''ura East', 225),
(1126, 'Malaba South', 225),
(1127, 'Ang''orom', 226),
(1128, 'Chakol South', 226),
(1129, 'Chakol North', 226),
(1130, 'Amukura West', 226),
(1131, 'Amukura East', 226),
(1132, 'Amukura Central', 226),
(1133, 'Nambale', 227),
(1134, 'Bukhayo North/Walatsi', 227),
(1135, 'Bukhayo East', 227),
(1136, 'Bukhayo Central', 227),
(1137, 'Bukhayo West', 228),
(1138, 'Mayenje', 228),
(1139, 'Matayos South', 228),
(1140, 'Busibwabo', 228),
(1141, 'Burumba', 228),
(1142, 'Marachi West', 229),
(1143, 'Kingandole', 229),
(1144, 'Marachi Central', 229),
(1145, 'Marachi East', 229),
(1146, 'Marachi North', 229),
(1147, 'Elugulu', 229),
(1148, 'Namboboto-Nambuku Ward', 230),
(1149, 'Nangina', 230),
(1150, 'Ageng''a Nanguba', 230),
(1151, 'Bwiri', 230),
(1152, 'Bunyala Central', 231),
(1153, 'Bunyala North', 231),
(1154, 'Bunyala West', 231),
(1155, 'Bunyala South', 231),
(1156, 'West Ugenya', 232),
(1157, 'Ukwala', 232),
(1158, 'North Ugenya', 232),
(1159, 'East Ugenya', 232),
(1160, 'Sidindi', 233),
(1161, 'Sigomere', 233),
(1162, 'Ugunja', 233),
(1163, 'Usonga', 234),
(1164, 'West Alego', 234),
(1165, 'Central Alego', 234),
(1166, 'Siaya Township', 234),
(1167, 'North Alego', 234),
(1168, 'South East Alego', 234),
(1169, 'North Gem', 235),
(1170, 'West Gem', 235),
(1171, 'Central Gem', 235),
(1172, 'Yala Township', 235),
(1173, 'East Gem', 235),
(1174, 'South Gem', 235),
(1175, 'West Yimbo', 236),
(1176, 'Central Sakwa', 236),
(1177, 'South Sakwa', 236),
(1178, 'Yimbo East', 236),
(1179, 'West Sakwa', 236),
(1180, 'North Sakwa', 236),
(1181, 'East Asembo', 237),
(1182, 'West Asembo', 237),
(1183, 'North Uyoma', 237),
(1184, 'South Uyoma', 237),
(1185, 'West Uyoma', 237),
(1186, 'Kajulu', 238),
(1187, 'Kolwa East', 238),
(1188, 'Manyatta B', 238),
(1189, 'Nyalenda A', 238),
(1190, 'Kolwa Central', 238),
(1191, 'South West Kisumu', 239),
(1192, 'Central Kisumu', 239),
(1193, 'Kisumu North', 239),
(1194, 'West Kisumu', 239),
(1195, 'North West Kisumu', 239),
(1196, 'Railways', 240),
(1197, 'Migosi', 240),
(1198, 'Shauri Moyo Kaloleni', 240),
(1199, 'Market Milimani', 240),
(1200, 'Kondele', 240),
(1201, 'Nyalenda B', 240),
(1202, 'West Seme', 241),
(1203, 'Central Seme', 241),
(1204, 'East Seme', 241),
(1205, 'North Seme', 241),
(1206, 'East Kano/Wawidhi', 242),
(1207, 'Awasi/Onjiko', 242),
(1208, 'Ahero', 242),
(1209, 'Kabonyo/Kanyagwai', 242),
(1210, 'Kobura', 242),
(1211, 'Miwani', 243),
(1212, 'Ombeyi', 243),
(1213, 'Masogo/Nyang''oma', 243),
(1214, 'Chemelil', 243),
(1215, 'Muhoroni Koru', 243),
(1216, 'South West Nyakach', 244),
(1217, 'North Nyakach', 244),
(1218, 'Central Nyakach', 244),
(1219, 'West Nyakach', 244),
(1220, 'South East Nyakach', 244),
(1221, 'West Kasipul', 245),
(1222, 'South Kasipul', 245),
(1223, 'Central Kasipul', 245),
(1224, 'East Kamagak', 245),
(1225, 'West Kamagak', 245),
(1226, 'Kabondo East', 246),
(1227, 'Kabondo West', 246),
(1228, 'Kokwanyo/Kakelo', 246),
(1229, 'Kojwach', 246),
(1230, 'West Karachuonyo', 247),
(1231, 'North Karachuonyo', 247),
(1232, 'Central', 247),
(1233, 'Kanyaluo', 247),
(1234, 'Kibiri', 247),
(1235, 'Wang''chieng', 247),
(1236, 'Kendu Bay Town', 247),
(1237, 'West Gem', 248),
(1238, 'East Gem', 248),
(1239, 'Kagan', 248),
(1240, 'Kochia', 248),
(1241, 'Homa Bay Central', 249),
(1242, 'Homa Bay Arujo', 249),
(1243, 'Homa Bay West', 249),
(1244, 'Homa Bay East', 249),
(1245, 'Kwabwai', 250),
(1246, 'Kanyadoto', 250),
(1247, 'Kanyikela', 250),
(1248, 'Kabouch North', 250),
(1249, 'Kabuoch South/Pala', 250),
(1250, 'Kanyamwa Kologi', 250),
(1251, 'Kanyamwa Kosewe', 250),
(1252, 'Mfangano Island', 251),
(1253, 'Rusinga Island', 251),
(1254, 'Kasgunga', 251),
(1255, 'Gembe', 251),
(1256, 'Lambwe', 251),
(1257, 'Gwassi South', 252),
(1258, 'Gwassi North', 252),
(1259, 'Kaksingiri West', 252),
(1260, 'Ruma-Kaksingiri East', 252),
(1261, 'North Kamagambo', 253),
(1262, 'Central Kamagambo', 253),
(1263, 'East Kamagambo', 253),
(1264, 'South Kamagambo', 253),
(1265, 'North Sakwa', 254),
(1266, 'South Sakwa', 254),
(1267, 'West Sakwa', 254),
(1268, 'Central Sakwa', 254),
(1269, 'God Jope', 255),
(1270, 'Suna Central', 255),
(1271, 'Kakrao', 255),
(1272, 'Kwa', 255),
(1273, 'Wiga', 256),
(1274, 'Waseweta Ii', 256),
(1275, 'Ragana-Oruba', 256),
(1276, 'Wasimbete', 256),
(1277, 'West Kanyamkago', 257),
(1278, 'North Kanyamkago', 257),
(1279, 'Central Kanyamkago', 257),
(1280, 'South Kanyamkago', 257),
(1281, 'East Kanyamkago', 257),
(1282, 'Kachieng''', 258),
(1283, 'Kanyasa', 258),
(1284, 'North Kadem', 258),
(1285, 'Macalder/Kanyarwanda', 258),
(1286, 'Kaler', 258),
(1287, 'Got Kachola', 258),
(1288, 'Muhuru', 258),
(1289, 'Bukira East', 259),
(1290, 'Bukira Central/Ikerege', 259),
(1291, 'Isibania', 259),
(1292, 'Mokerero', 259),
(1293, 'Masaba', 259),
(1294, 'Tagare', 259),
(1295, 'Nyanmosense/Komosoko', 259),
(1296, 'Gokeharaka/Getambwega', 260),
(1297, 'Ntimaru West', 260),
(1298, 'Ntimaru East', 260),
(1299, 'Nyabasi East', 260),
(1300, 'Nyabasi West', 260),
(1301, 'Bomariba', 261),
(1302, 'Bogiakumu', 261),
(1303, 'Bomorenda', 261),
(1304, 'Riana', 261),
(1305, 'Tabaka', 262),
(1306, 'Boikanga', 262),
(1307, 'Bogetenga', 262),
(1308, 'Borabu/Chitago', 262),
(1309, 'Moticho', 262),
(1310, 'Getenga', 262),
(1311, 'Bombaba Borabu', 263),
(1312, 'Boochi Borabu', 263),
(1313, 'Bokimonge', 263),
(1314, 'Magenche', 263),
(1315, 'Masige West', 264),
(1316, 'Masige East', 264),
(1317, 'Basi Central', 264),
(1318, 'Nyacheki', 264),
(1319, 'Bassi Bogetaorio', 264),
(1320, 'Bobasi Chache', 264),
(1321, 'Sameta/Mokwerero', 264),
(1322, 'Bobasi/Boitangare', 264),
(1323, 'Majoge Basi', 265),
(1324, 'Boochi/Tendere', 265),
(1325, 'Bosoti/Sengera', 265),
(1326, 'Ichuni', 266),
(1327, 'Nyamasibi', 266),
(1328, 'Masimba', 266),
(1329, 'Gesusu', 266),
(1330, 'Kiamokama', 266),
(1331, 'Bobaracho', 267),
(1332, 'Kisii Central', 267),
(1333, 'Keumbu', 267),
(1334, 'Kiogoro', 267),
(1335, 'Birongo', 267),
(1336, 'Ibeno', 267),
(1337, 'Monyerero', 268),
(1338, 'Sensi', 268),
(1339, 'Marani', 268),
(1340, 'Kegogi', 268),
(1341, 'Bogusero', 269),
(1342, 'Bogeka', 269),
(1343, 'Nyakoe', 269),
(1344, 'Kitutu Central', 269),
(1345, 'Nyatieko', 269),
(1346, 'Rigoma', 270),
(1347, 'Gachuba', 270),
(1348, 'Kamera', 270),
(1349, 'Magombo', 270),
(1350, 'Manga', 270),
(1351, 'Gesima', 270),
(1352, 'Nyamaiya', 271),
(1353, 'Bogichora', 271),
(1354, 'Bosamaro', 271),
(1355, 'Bonyamatuta', 271),
(1356, 'Township', 271),
(1357, 'Itibo', 272),
(1358, 'Bomwagamo', 272),
(1359, 'Bokeira', 272),
(1360, 'Magwagwa', 272),
(1361, 'Ekerenyo', 272),
(1362, 'Mekenene', 273),
(1363, 'Kiabonyoru', 273),
(1364, 'Nyansiongo', 273),
(1365, 'Esise', 273),
(1366, 'Kitisuru', 274),
(1367, 'Parklands/Highridge', 274),
(1368, 'Karura', 274),
(1369, 'Kangemi', 274),
(1370, 'Mountain View', 274),
(1371, 'Kilimani', 275),
(1372, 'Kawangare', 275),
(1373, 'Gatina', 275),
(1374, 'Kileleshwa', 275),
(1375, 'Kabiro', 275),
(1376, 'Mutu-Ini', 276),
(1377, 'Ngando', 276),
(1378, 'Riruta', 276),
(1379, 'Uthiru/Ruthimitu', 276),
(1380, 'Waithaka', 276),
(1381, 'Karen', 277),
(1382, 'Nairobi West', 277),
(1383, 'Mugumo-Ini', 277),
(1384, 'South C', 277),
(1385, 'Nyayo Highrise', 277),
(1386, 'Laini Saba', 278),
(1387, 'Lindi', 278),
(1388, 'Makina', 278),
(1389, 'Woodley/Kenyatta Golf Course', 278),
(1390, 'Sarang''ombe', 278),
(1391, 'Githurai', 279),
(1392, 'Kahawa West', 279),
(1393, 'Zimmerman', 279),
(1394, 'Roysambu', 279),
(1395, 'Kahawa', 279),
(1396, 'Clay City', 280),
(1397, 'Mwiki', 280),
(1398, 'Kasarani', 280),
(1399, 'Njiru', 280),
(1400, 'Ruai', 280),
(1401, 'Babandogo', 281),
(1402, 'Utalii', 281),
(1403, 'Mathare North', 281),
(1404, 'Lucky Summer', 281),
(1405, 'Korogocho', 281),
(1406, 'Imara Daima', 282),
(1407, 'Kwa Njenga', 282),
(1408, 'Kwa Reuben', 282),
(1409, 'Pipeline', 282),
(1410, 'Kware', 282),
(1411, 'Kariobangi North', 283),
(1412, 'Dandora Area I', 283),
(1413, 'Dandora Area Ii', 283),
(1414, 'Dandora Area Iii', 283),
(1415, 'Dandora Area Iv', 283),
(1416, 'Kayole North', 284),
(1417, 'Kayole Central', 284),
(1418, 'Kayole South', 284),
(1419, 'Komarock', 284),
(1420, 'Matopeni/Spring Valley', 284),
(1421, 'Upper Savanna', 285),
(1422, 'Lower Savanna', 285),
(1423, 'Embakasi', 285),
(1424, 'Utawala', 285),
(1425, 'Mihango', 285),
(1426, 'Umoja I', 286),
(1427, 'Umoja Ii', 286),
(1428, 'Mowlem', 286),
(1429, 'Kariobangi South', 286),
(1430, 'Maringo/Hamza', 287),
(1431, 'Viwandani', 287),
(1432, 'Harambee', 287),
(1433, 'Makongeni', 287),
(1434, 'Pumwani', 288),
(1435, 'Eastleigh North', 288),
(1436, 'Eastleigh South', 288),
(1437, 'Airbase', 288),
(1438, 'California', 288),
(1439, 'Nairobi Central', 289),
(1440, 'Ngara', 289),
(1441, 'Pangani', 289),
(1442, 'Ziwani/Kariokor', 289),
(1443, 'Landimawe', 289),
(1444, 'Nairobi South', 289),
(1445, 'Hospital', 290),
(1446, 'Mabatini', 290),
(1447, 'Huruma', 290),
(1448, 'Ngei', 290),
(1449, 'Mlango Kubwa', 290),
(1450, 'Kiamaiko', 290);

/*!40101 SET CHARACTER_SET_CLIENT=@OLD_CHARACTER_SET_CLIENT */;
/*!40101 SET CHARACTER_SET_RESULTS=@OLD_CHARACTER_SET_RESULTS */;
/*!40101 SET COLLATION_CONNECTION=@OLD_COLLATION_CONNECTION */;
